id,first_name,last_name,email,bill_no,car
1,Fidelia,Michelet,fmichelet0@cisco.com,106377158-7,Grand Cherokee
2,Melisandra,Jankovic,mjankovic1@nymag.com,554338952-3,VUE
3,Gabriell,Sollars,gsollars2@cisco.com,950159092-5,Silhouette
4,Janeczka,Eicke,jeicke3@state.tx.us,352814966-3,A6
5,Grange,Pischoff,gpischoff4@youtube.com,682071060-7,Silverado 2500
6,Slade,Towne,stowne5@ehow.com,050168965-6,9-3
7,Ardyth,Thunderman,athunderman6@cargocollective.com,199944898-7,Jetta III
8,Benjamin,Tottle,btottle7@ed.gov,763807968-X,Tracker
9,Sayres,Mityashin,smityashin8@pcworld.com,183837685-2,Z4 M
10,Tallulah,Camin,tcamin9@disqus.com,261401007-3,Savana 1500
11,Eddi,Croasdale,ecroasdalea@lulu.com,948763799-0,SL-Class
12,Edgardo,Lesper,elesperb@a8.net,319899870-0,Alero
13,Marge,McCory,mmccoryc@mit.edu,043427137-3,Continental Flying Spur
14,Dalia,Thys,dthysd@joomla.org,003820000-7,Tiguan
15,Blondelle,McElrea,bmcelreae@technorati.com,785639955-4,Bel Air
16,Chelsae,Dooly,cdoolyf@twitter.com,844290114-0,Cougar
17,Dean,Corradino,dcorradinog@un.org,340620406-6,Yaris
18,Porter,Chittem,pchittemh@columbia.edu,526151882-2,F350
19,Alan,Elleray,aellerayi@wix.com,388696738-7,Nuova 500
20,Eamon,O'Hearn,eohearnj@latimes.com,832962664-4,Azera
21,Ian,Sandaver,isandaverk@clickbank.net,567655022-8,F-Series
22,Evie,Guly,egulyl@1und1.de,524477612-6,Expedition EL
23,Mitch,Koene,mkoenem@who.int,061830745-1,RX
24,Drusy,Furse,dfursen@arizona.edu,922682409-6,Civic Si
25,Rory,Hegel,rhegelo@google.com.br,650277832-1,Mystique
26,Chad,Maccrae,cmaccraep@smh.com.au,412780559-5,Mighty Max
27,Rob,Dominico,rdominicoq@usa.gov,639256473-X,Impreza
28,Harland,Cantle,hcantler@g.co,973624566-7,Legend
29,Breena,Baynton,bbayntons@slashdot.org,779298989-5,CLS-Class
30,Danny,Tomblin,dtomblint@tinypic.com,183443723-7,Tahoe
31,Carlen,Depka,cdepkau@berkeley.edu,990925519-7,Galant
32,Gaspard,Stiffell,gstiffellv@livejournal.com,138046489-7,XLR-V
33,Malia,Caltera,mcalteraw@utexas.edu,246787084-7,Sebring
34,Jacenta,Petrasek,jpetrasekx@hugedomains.com,297204344-8,V70
35,Dorelia,Minichillo,dminichilloy@slideshare.net,630170650-1,Aerostar
36,Davide,Kohnert,dkohnertz@newsvine.com,094490141-7,Compass
37,Kristoffer,Duffield,kduffield10@apache.org,797552263-5,Tundra
38,Sibley,Merrill,smerrill11@4shared.com,225009731-3,Rio
39,Brittne,Calles,bcalles12@t-online.de,234224986-1,Charger
40,Hymie,Riden,hriden13@diigo.com,629818877-0,Lancer Evolution
41,Cherin,Waldrum,cwaldrum14@columbia.edu,728002315-0,Eclipse
42,Mirna,Braime,mbraime15@shareasale.com,690961841-6,X5
43,Patten,Kunert,pkunert16@flavors.me,627375783-6,Tacoma Xtra
44,Godfry,Sylett,gsylett17@seattletimes.com,987218310-4,Pilot
45,Adan,Rief,arief18@odnoklassniki.ru,412734527-6,Probe
46,Sharron,Godball,sgodball19@weibo.com,020233950-5,GS
47,Roanna,Pascho,rpascho1a@free.fr,624497955-9,H3T
48,Olive,Infante,oinfante1b@tripod.com,570250519-0,Rainier
49,Kelly,Bangley,kbangley1c@cloudflare.com,463649471-7,Avalon
50,Blanch,Diss,bdiss1d@admin.ch,732862331-4,Park Avenue
51,Heloise,Zupa,hzupa1e@businessinsider.com,144491179-1,Metro
52,Marna,Blakeway,mblakeway1f@zimbio.com,198556654-0,300SL
53,Ebba,Pabelik,epabelik1g@psu.edu,426825083-2,F350
54,Virgie,Rudram,vrudram1h@epa.gov,325254664-7,Thunderbird
55,Gabriel,Tummons,gtummons1i@kickstarter.com,360710799-8,960
56,Wanids,Janowski,wjanowski1j@ftc.gov,709230733-3,IPL G
57,Karlen,Warrior,kwarrior1k@ox.ac.uk,737970012-X,Q
58,Dynah,Svanini,dsvanini1l@topsy.com,391592511-X,DTS
59,Joellen,Swigger,jswigger1m@earthlink.net,286610941-4,Grand Cherokee
60,Erminia,Titcomb,etitcomb1n@google.it,091707688-5,QX
61,Saraann,Loines,sloines1o@merriam-webster.com,241912298-4,3 Series
62,Cozmo,Giraudeau,cgiraudeau1p@flickr.com,980179498-4,Town Car
63,Gib,Tate,gtate1q@wiley.com,453440886-2,Aries
64,Stefanie,Stranks,sstranks1r@google.cn,726212508-7,DB9
65,Heather,Satterthwaite,hsatterthwaite1s@pinterest.com,548912119-X,PT Cruiser
66,Gaelan,Coggen,gcoggen1t@miitbeian.gov.cn,549859951-X,SLK-Class
67,Elset,Stoffel,estoffel1u@examiner.com,131844467-5,Mark VIII
68,Dagmar,Grunwald,dgrunwald1v@newsvine.com,997521485-1,Firefly
69,Sella,Jiles,sjiles1w@reference.com,648824300-4,Sunbird
70,Vladimir,Bonin,vbonin1x@springer.com,253122302-9,SC
71,Edan,Doding,edoding1y@cbslocal.com,230940146-3,Regal
72,Northrup,Boswood,nboswood1z@github.com,830153826-0,Passat
73,Emmey,Agar,eagar20@discuz.net,741694998-X,300TE
74,Maxy,Simonazzi,msimonazzi21@cocolog-nifty.com,589735725-0,S-Type
75,Kalil,Pady,kpady22@china.com.cn,726615303-4,Festiva
76,Ree,Gales,rgales23@japanpost.jp,433437817-X,Blazer
77,Lu,Muldowney,lmuldowney24@nifty.com,107917891-0,Montero
78,Esme,Domenico,edomenico25@nifty.com,098365750-5,Tacoma
79,Heida,Necrews,hnecrews26@blogs.com,646761424-0,Cooper
80,Thedric,Bartoli,tbartoli27@phpbb.com,074541988-7,LeSabre
81,Brear,Pfaff,bpfaff28@com.com,464972651-4,7 Series
82,Cinderella,Hazelhurst,chazelhurst29@wix.com,619622373-9,Land Cruiser
83,Noby,Hughman,nhughman2a@bing.com,360169481-6,CR-V
84,Theadora,Arni,tarni2b@wufoo.com,652873168-3,Highlander
85,Ileane,Given,igiven2c@house.gov,885465237-7,Lumina
86,Fields,Hawford,fhawford2d@si.edu,112226001-6,SLX
87,Panchito,Littlefair,plittlefair2e@state.tx.us,855705581-1,Suburban 1500
88,Maria,Casali,mcasali2f@goo.gl,372876451-5,Ram 1500 Club
89,Alister,Devennie,adevennie2g@mashable.com,612737225-9,Grand Vitara
90,Alvinia,Rock,arock2h@jimdo.com,518895362-5,LeSabre
91,Tyrus,Pickerin,tpickerin2i@ocn.ne.jp,200775560-2,Ram 3500
92,Sanders,Taylour,staylour2j@time.com,153168983-3,Hearse
93,Zacharias,Drever,zdrever2k@bluehost.com,756916853-4,LeMans
94,Ronni,Ashness,rashness2l@shareasale.com,166165302-2,TL
95,Hildagarde,Garlinge,hgarlinge2m@fc2.com,225064976-6,Sonata
96,Robbert,Winship,rwinship2n@toplist.cz,172624795-3,DB9
97,Jeane,Matysik,jmatysik2o@twitpic.com,560922878-6,350Z
98,Sharron,Capin,scapin2p@facebook.com,610833718-4,Shadow
99,Wandis,Hetterich,whetterich2q@columbia.edu,113911828-5,LS
100,Dottie,Elsegood,delsegood2r@twitpic.com,113495800-5,Charger
101,Charmaine,Portlock,cportlock2s@ftc.gov,021892049-0,Discovery
102,Isabel,Gainsborough,igainsborough2t@springer.com,326102525-5,Dakota Club
103,Doll,Giaomozzo,dgiaomozzo2u@ted.com,364711723-4,S60
104,Gale,Matyushkin,gmatyushkin2v@ucla.edu,927742993-3,XC70
105,Illa,Oxley,ioxley2w@dropbox.com,848746575-7,Firefly
106,Payton,Brownett,pbrownett2x@umn.edu,342249532-0,Genesis
107,Lief,Grzelczyk,lgrzelczyk2y@whitehouse.gov,480275186-9,XT
108,Monroe,Rings,mrings2z@dailymotion.com,168738261-1,Sunbird
109,Candie,Kliemann,ckliemann30@ocn.ne.jp,150668210-3,NX
110,Alvera,Molfino,amolfino31@ycombinator.com,008153329-2,G6
111,Carolus,Good,cgood32@fda.gov,930248360-6,Mazdaspeed 3
112,Filmer,Merring,fmerring33@people.com.cn,684828190-5,Century
113,Sharai,Adderley,sadderley34@seesaa.net,434480464-3,325
114,Ebeneser,Regenhardt,eregenhardt35@blogs.com,841164671-8,Neon
115,Asia,Bjerkan,abjerkan36@vimeo.com,930598104-6,Tundra
116,Lanny,Alyutin,lalyutin37@imgur.com,832865473-3,Escort
117,Maxie,Compfort,mcompfort38@china.com.cn,710733143-4,V50
118,Timmie,Uwins,tuwins39@mac.com,960212072-X,Phaeton
119,Lauren,Gilcrist,lgilcrist3a@smugmug.com,474034802-0,Century
120,Grove,Teek,gteek3b@wix.com,691747415-0,Trans Sport
121,Egor,Dabels,edabels3c@discuz.net,355081771-1,Avanti
122,Jeffrey,McMenamie,jmcmenamie3d@pbs.org,865469073-9,TL
123,Melitta,Barlas,mbarlas3e@xrea.com,815109809-0,S60
124,Giovanni,Cosbee,gcosbee3f@1688.com,416276013-6,Econoline E150
125,Katine,Leadbeater,kleadbeater3g@ted.com,271150111-6,Topaz
126,Pancho,Simacek,psimacek3h@hc360.com,175674618-4,Cougar
127,Ardelle,Hazzard,ahazzard3i@diigo.com,615711722-2,F250
128,Viki,Rylett,vrylett3j@blinklist.com,822011661-7,Amigo
129,Zia,Girt,zgirt3k@dyndns.org,019890271-9,Passat
130,Martita,Everix,meverix3l@aol.com,021788234-X,Civic
131,Erie,MacCauley,emaccauley3m@ebay.co.uk,810289534-9,Aerio
132,Raymond,Manilove,rmanilove3n@scientificamerican.com,644698490-1,QX
133,Marco,Mandel,mmandel3o@dyndns.org,115340401-X,CC
134,Cherilynn,Chappel,cchappel3p@alexa.com,355656766-0,Sidekick
135,Sayre,Tourner,stourner3q@rediff.com,303073738-1,Corvette
136,Wallie,Stieger,wstieger3r@house.gov,657462143-7,S-Class
137,Yehudi,MacCarroll,ymaccarroll3s@themeforest.net,412954193-5,A3
138,Daryl,Hartfield,dhartfield3t@sourceforge.net,413789358-6,Corvette
139,Donnie,Calderonello,dcalderonello3u@opera.com,475261770-6,Park Avenue
140,Arlyn,Rowth,arowth3v@jiathis.com,470469030-X,Sebring
141,Aubrie,McKintosh,amckintosh3w@washington.edu,840029226-X,Grand Vitara
142,Sal,Penney,spenney3x@utexas.edu,612599983-1,E350
143,Mair,Connerly,mconnerly3y@163.com,782455751-0,Sentra
144,Callean,Airton,cairton3z@buzzfeed.com,299915050-4,IS
145,Teriann,Vasyukov,tvasyukov40@unc.edu,622689994-8,CR-V
146,Hanny,Meatcher,hmeatcher41@nhs.uk,292739572-1,SSR
147,Thea,Kennerknecht,tkennerknecht42@blogtalkradio.com,621584172-2,2500 Club Coupe
148,Tracey,Dawbery,tdawbery43@fastcompany.com,776419640-1,LS
149,Arliene,McColm,amccolm44@patch.com,656195156-5,Trans Sport
150,Vinni,Deddum,vdeddum45@cnbc.com,516948728-2,Stratus
151,Valery,Drane,vdrane46@independent.co.uk,573540667-1,Miata MX-5
152,Jessy,Annis,jannis47@forbes.com,622748756-2,Bronco
153,Barbara,Jurs,bjurs48@printfriendly.com,298553500-X,Electra
154,Ashley,Benda,abenda49@smh.com.au,682111296-7,Avalon
155,Sergeant,Hammon,shammon4a@twitter.com,479680462-5,CT
156,Fraze,Costard,fcostard4b@jimdo.com,162093679-8,Tribeca
157,Ansley,Posten,aposten4c@icq.com,434779708-7,LTD
158,Chicky,Carwithen,ccarwithen4d@exblog.jp,916159387-7,Laser
159,Katey,Leet,kleet4e@artisteer.com,990217981-9,LeMans
160,Christiana,Pratley,cpratley4f@symantec.com,035133796-2,944
161,Rosy,Danielsohn,rdanielsohn4g@prnewswire.com,326140990-8,Express 1500
162,Farr,Duncan,fduncan4h@berkeley.edu,544847407-1,LeSabre
163,Wilone,Cardenosa,wcardenosa4i@senate.gov,631296370-5,S10
164,Loralie,Rodd,lrodd4j@amazonaws.com,382420323-5,G-Series 2500
165,Trumaine,Middleweek,tmiddleweek4k@house.gov,003986993-8,Suburban 1500
166,Huntlee,Archibold,harchibold4l@huffingtonpost.com,527684049-0,Santa Fe
167,Bryce,Reoch,breoch4m@cbc.ca,447435940-2,400SEL
168,Barnabas,Giacomasso,bgiacomasso4n@ycombinator.com,528043489-2,DB9
169,Freda,Bunce,fbunce4o@dot.gov,059734742-5,xB
170,Vi,Strewther,vstrewther4p@plala.or.jp,362779957-7,300
171,Mark,Gronno,mgronno4q@cnn.com,921756383-8,G
172,Kelcey,Ashmore,kashmore4r@merriam-webster.com,953521380-6,Envoy XL
173,Jess,Teall,jteall4s@microsoft.com,738298224-6,Cougar
174,Byron,Mallatratt,bmallatratt4t@amazon.de,196222052-4,Pilot
175,Rozina,Malimoe,rmalimoe4u@buzzfeed.com,323155697-X,Camaro
176,Cecilia,Norssister,cnorssister4v@slate.com,683905905-7,Viper
177,Rozanna,Whittuck,rwhittuck4w@wix.com,078817270-0,SC
178,Dodi,Insley,dinsley4x@trellian.com,913986976-8,Clubman
179,Bibbye,Huxley,bhuxley4y@chron.com,558884877-2,S80
180,Lazar,Lillie,llillie4z@un.org,478827097-8,Veracruz
181,Townsend,Gallyhaock,tgallyhaock50@tinypic.com,159327031-3,S40
182,Karisa,Presman,kpresman51@netvibes.com,995125370-9,Tiburon
183,Virgie,Duce,vduce52@jiathis.com,947931203-4,S6
184,Carol,Hulkes,chulkes53@photobucket.com,427028257-6,626
185,Keen,Hulke,khulke54@4shared.com,204105306-2,RAV4
186,Emmy,Dadds,edadds55@ox.ac.uk,363233898-1,Gemini
187,Marchelle,Shevelin,mshevelin56@is.gd,742435625-9,Ram Wagon B250
188,Anastasie,Wishkar,awishkar57@lulu.com,214096959-6,E250
189,Lia,Oneal,loneal58@imgur.com,498040871-0,Pajero
190,Irv,Bellay,ibellay59@earthlink.net,724331823-1,RX Hybrid
191,Ruthie,Denisevich,rdenisevich5a@mlb.com,490643920-9,Bravada
192,Joane,Phair,jphair5b@yellowbook.com,373084803-8,Frontier
193,Dorie,Hairsnape,dhairsnape5c@com.com,402604707-5,Bel Air
194,Wiley,Wapplington,wwapplington5d@sakura.ne.jp,529424646-5,Savana 3500
195,Vernor,Hukin,vhukin5e@elpais.com,100726422-5,Monte Carlo
196,Veradis,Liston,vliston5f@youtu.be,617543464-1,Mustang
197,Evyn,Fasham,efasham5g@diigo.com,409865377-X,Corolla
198,Rafa,Arkley,rarkley5h@bloglines.com,818014282-5,Forenza
199,Coralie,Furby,cfurby5i@ehow.com,045887076-5,Corvette
200,Guillema,Fechnie,gfechnie5j@meetup.com,549295594-2,Aura
201,Stu,Peaker,speaker5k@sciencedaily.com,056356030-4,M-Class
202,Vinnie,Leahair,vleahair5l@slashdot.org,608822112-7,SC
203,Deonne,D'Hooghe,ddhooghe5m@arizona.edu,133936571-5,Tredia
204,Aldo,Clitsome,aclitsome5n@telegraph.co.uk,013187199-4,Charger
205,Charmion,Exposito,cexposito5o@walmart.com,713601485-9,62
206,Valeria,Michieli,vmichieli5p@howstuffworks.com,072138350-5,X6
207,Vinnie,Clemenzo,vclemenzo5q@howstuffworks.com,337459005-5,Colt Vista
208,Salvatore,Dobsons,sdobsons5r@photobucket.com,905685393-7,ES
209,Henderson,Asman,hasman5s@pagesperso-orange.fr,004589399-3,Camaro
210,Amaleta,Casolla,acasolla5t@jimdo.com,529187082-6,Dakota Club
211,Marlee,Pratley,mpratley5u@elegantthemes.com,543794152-8,LR2
212,Shell,McLise,smclise5v@meetup.com,245221502-3,Land Cruiser
213,Killie,Bamell,kbamell5w@e-recht24.de,161205950-3,Neon
214,Harwell,Jurek,hjurek5x@cloudflare.com,290434461-6,Edge
215,Quill,Bautiste,qbautiste5y@etsy.com,351567471-3,Acclaim
216,Denney,Growcott,dgrowcott5z@cbslocal.com,981377788-5,1500
217,Sammy,Fuxman,sfuxman60@dion.ne.jp,802930625-3,Mountaineer
218,Erminie,Cauderlie,ecauderlie61@a8.net,779728533-0,Camry
219,Skye,Tschirasche,stschirasche62@mlb.com,566755750-9,Ram 3500
220,Ileana,Lambden,ilambden63@icio.us,534014660-X,Viper
221,Alonzo,Dooney,adooney64@npr.org,808906085-4,Viper
222,Angil,Clappson,aclappson65@people.com.cn,182245664-9,SL-Class
223,Frayda,Chiles,fchiles66@admin.ch,845900652-2,A4
224,Taddeusz,Ridler,tridler67@biblegateway.com,823078278-4,Millenia
225,Benjamin,Robeson,brobeson68@cnbc.com,888338695-7,Familia
226,Tatum,Grellis,tgrellis69@washingtonpost.com,970061808-0,Accent
227,Cart,Bridel,cbridel6a@seattletimes.com,910574379-6,325
228,Renata,Gurner,rgurner6b@oracle.com,541855601-0,Concorde
229,Cole,Lammerich,clammerich6c@domainmarket.com,603099791-2,SJ
230,Jillene,Cordier,jcordier6d@bbc.co.uk,444123469-4,3500
231,Herta,Tarpey,htarpey6e@google.com.br,878055692-2,GX
232,Mercedes,Lagden,mlagden6f@pcworld.com,319655291-8,Typ-1
233,Cherish,Hubert,chubert6g@ft.com,004653561-6,Town & Country
234,Lionello,Edmans,ledmans6h@nifty.com,605719218-4,G-Series 3500
235,Kingsly,Simonini,ksimonini6i@xrea.com,033839897-X,Topaz
236,Kayle,Dudden,kdudden6j@bizjournals.com,935565995-4,Corolla
237,Osbourne,Filipputti,ofilipputti6k@g.co,781867250-8,Explorer Sport Trac
238,Vasilis,Boodle,vboodle6l@mozilla.org,905958701-4,Bonneville
239,Quinton,Rasp,qrasp6m@chicagotribune.com,280893717-2,LS
240,Husain,Kluge,hkluge6n@hugedomains.com,366859970-X,Daytona
241,Wendye,Lucio,wlucio6o@disqus.com,634073234-8,SC
242,Darrel,Benjefield,dbenjefield6p@gizmodo.com,641833212-1,228
243,Filmore,Limpertz,flimpertz6q@vistaprint.com,487765574-3,Maxima
244,Odille,Crossgrove,ocrossgrove6r@goo.gl,030885107-2,Pathfinder
245,Travis,Ligoe,tligoe6s@independent.co.uk,982791260-7,tC
246,Deirdre,Howel,dhowel6t@weibo.com,390960181-2,Yukon XL 2500
247,John,Hawson,jhawson6u@noaa.gov,403518362-8,4Runner
248,Alanah,Lomasny,alomasny6v@dell.com,349667492-X,Silhouette
249,Barth,Wooldridge,bwooldridge6w@123-reg.co.uk,071231279-X,SJ
250,Ryon,Tempest,rtempest6x@xrea.com,062459203-0,Lynx
251,Angel,Eminson,aeminson6y@free.fr,658410364-1,Odyssey
252,Corbett,Larrett,clarrett6z@businesswire.com,003163479-6,Baja
253,Nicolea,Roberts,nroberts70@devhub.com,595035706-X,C-Class
254,Shandee,Burges,sburges71@answers.com,953226112-5,Civic
255,Farrel,Perree,fperree72@slideshare.net,647376483-6,Sunbird
256,Garry,Ilieve,gilieve73@bigcartel.com,818330336-6,Range Rover
257,Christoforo,Boydon,cboydon74@cdc.gov,927138671-X,Bravada
258,Bryon,Girod,bgirod75@noaa.gov,028568977-0,Land Cruiser
259,Rhiamon,Rosenbarg,rrosenbarg76@bandcamp.com,288033944-8,Solara
260,Nancy,Hucker,nhucker77@gizmodo.com,398165781-0,Quattroporte
261,Antone,Shannon,ashannon78@macromedia.com,081916392-9,2500
262,Brandie,Slark,bslark79@so-net.ne.jp,083401025-9,Aerostar
263,Phaedra,Redolfi,predolfi7a@dedecms.com,530709364-0,QX
264,Conway,Kroger,ckroger7b@nyu.edu,117420639-X,SJ
265,Quintin,De Pietri,qdepietri7c@nbcnews.com,249617371-7,Camaro
266,Melisse,Tarn,mtarn7d@google.pl,483870538-7,Ram Van B150
267,Benedick,Mebius,bmebius7e@wordpress.org,463156427-X,Fillmore
268,Quentin,Quilter,qquilter7f@nyu.edu,849942818-5,Golf
269,Nana,Maps,nmaps7g@techcrunch.com,993639917-X,TSX
270,Karlens,Penhaleurack,kpenhaleurack7h@va.gov,084041261-4,Firebird
271,Rafaello,Hawthorne,rhawthorne7i@example.com,800718022-2,LHS
272,Philippa,Craster,pcraster7j@purevolume.com,640167358-3,Tiburon
273,Karole,Feronet,kferonet7k@infoseek.co.jp,344604316-0,Sportvan G10
274,Timi,Ewdale,tewdale7l@cam.ac.uk,886059783-8,RSX
275,Kathe,Dulling,kdulling7m@sourceforge.net,602869037-6,Avalanche 1500
276,Dieter,Spitaro,dspitaro7n@vistaprint.com,956922325-1,X6
277,Pauli,Lowther,plowther7o@upenn.edu,231711933-X,Focus
278,Stern,Kimbly,skimbly7p@ihg.com,774023722-1,F-Series
279,Mahala,Auden,mauden7q@hugedomains.com,729436816-3,Firefly
280,Aliza,Lopes,alopes7r@cargocollective.com,857220455-5,Windstar
281,Katherina,Hassewell,khassewell7s@weebly.com,048387466-3,DBS
282,Brenden,Geeves,bgeeves7t@nationalgeographic.com,513760794-0,929
283,Gunther,Jacobowitz,gjacobowitz7u@theglobeandmail.com,023467656-6,Accord
284,Jess,Umpleby,jumpleby7v@google.cn,273551432-3,Park Avenue
285,Gardener,Eyrl,geyrl7w@deviantart.com,370474576-6,ES
286,Sheryl,Saffell,ssaffell7x@squidoo.com,879972591-6,Expedition EL
287,Judah,Clifton,jclifton7y@sohu.com,553095131-7,X5 M
288,Laurice,Roderham,lroderham7z@devhub.com,729240529-0,C70
289,Major,Dennett,mdennett80@ox.ac.uk,686273889-5,545
290,Adelle,Gaylard,agaylard81@w3.org,159004658-7,S-Type
291,Staford,Vel,svel82@mozilla.org,095376897-X,Bravada
292,Maxie,McCloy,mmccloy83@vimeo.com,330501928-X,M-Class
293,Marigold,Grahame,mgrahame84@infoseek.co.jp,197541261-3,Escort ZX2
294,Whitman,Orkney,workney85@elegantthemes.com,680308963-0,Range Rover Sport
295,Trixy,Kleinschmidt,tkleinschmidt86@businessweek.com,189115249-1,Accord
296,Amber,Broady,abroady87@google.cn,828365407-1,Eldorado
297,Inna,Desbrow,idesbrow88@japanpost.jp,161985669-7,TT
298,Hill,Hubble,hhubble89@google.com.br,890469635-6,2500
299,Mimi,Caddock,mcaddock8a@time.com,124273382-5,XLR
300,Nicko,Devall,ndevall8b@home.pl,944800388-9,Allroad
301,Monro,Dorgon,mdorgon8c@addtoany.com,671736546-3,Silverado 2500
302,Emeline,Ferreira,eferreira8d@ameblo.jp,082609820-7,Civic
303,Madeleine,Cofax,mcofax8e@eventbrite.com,466687790-8,Silverado
304,Trix,Stedell,tstedell8f@hexun.com,810038399-5,Golf III
305,Emmott,Bootherstone,ebootherstone8g@a8.net,488325684-7,3500
306,Fifi,Hillin,fhillin8h@slate.com,383563076-8,SLK-Class
307,Merilyn,Lineen,mlineen8i@odnoklassniki.ru,244653635-2,Entourage
308,Delmar,Corbally,dcorbally8j@exblog.jp,890355669-0,G
309,Gaile,Klimochkin,gklimochkin8k@mit.edu,379286148-8,Century
310,Rodolfo,Dudney,rdudney8l@netscape.com,775580858-0,S6
311,Chrysler,Larkin,clarkin8m@mozilla.com,901795629-1,Discovery
312,Morna,Kenwood,mkenwood8n@privacy.gov.au,544307384-2,Escort
313,Rene,Costelow,rcostelow8o@qq.com,225401496-X,G6
314,Guntar,Schonfelder,gschonfelder8p@typepad.com,401371452-3,G
315,Nicky,Rendbaek,nrendbaek8q@princeton.edu,738325725-1,Montego
316,Omar,Donner,odonner8r@hexun.com,454015420-6,Sportvan G30
317,Tully,Hinsch,thinsch8s@wp.com,174688703-6,S-Class
318,Penni,Elnaugh,pelnaugh8t@unicef.org,300802477-7,Liberty
319,Tamma,Tompion,ttompion8u@skyrock.com,284384707-9,Neon
320,Teddie,O'Lunney,tolunney8v@geocities.jp,473133996-0,Amanti
321,Katharine,Limprecht,klimprecht8w@rambler.ru,546654421-3,Festiva
322,Jacquenette,Rivallant,jrivallant8x@geocities.jp,284951801-8,Continental
323,Fredra,Castilljo,fcastilljo8y@soup.io,572685957-X,Avalanche 1500
324,Elisabeth,Clack,eclack8z@adobe.com,068400920-X,Regal
325,Odetta,Philbrick,ophilbrick90@sina.com.cn,000219451-1,Safari
326,Shelia,Bedingfield,sbedingfield91@ibm.com,279589195-6,MX-6
327,Britney,Aksell,baksell92@taobao.com,910223581-1,Grand Marquis
328,Valera,Waistell,vwaistell93@yahoo.com,928155009-1,LX
329,Nikolos,Skim,nskim94@columbia.edu,663049118-1,Aerostar
330,Issy,Scollan,iscollan95@nhs.uk,304175705-2,Montero
331,Huberto,Fardy,hfardy96@friendfeed.com,177627782-1,Ridgeline
332,Kevina,Coldwell,kcoldwell97@ning.com,465005663-2,Express 1500
333,Putnam,Tebbe,ptebbe98@blog.com,681953598-8,QX56
334,Ruthe,Wadsworth,rwadsworth99@tinyurl.com,066757285-6,Viper
335,Saundra,Backwell,sbackwell9a@netscape.com,824066709-0,Panamera
336,Fraze,Myhan,fmyhan9b@google.ca,418346547-8,Seville
337,Kipp,Billingsley,kbillingsley9c@cnn.com,486677868-7,ES
338,Ilyse,Stilgoe,istilgoe9d@apple.com,153308835-7,Miata MX-5
339,Findlay,Kaesmans,fkaesmans9e@dedecms.com,263108758-5,Sienna
340,April,Fitzroy,afitzroy9f@admin.ch,094497568-2,Maxima
341,Desdemona,Armour,darmour9g@rediff.com,277209141-4,SL-Class
342,Joann,Blinerman,jblinerman9h@youtu.be,052398777-3,M
343,Adriana,Tremblay,atremblay9i@plala.or.jp,720943871-8,Tracer
344,Ulberto,Seman,useman9j@shutterfly.com,789534805-1,Malibu
345,Hillyer,Shier,hshier9k@slashdot.org,240556513-7,3500 Club Coupe
346,Julienne,Andreoletti,jandreoletti9l@amazon.co.uk,656104192-5,Passport
347,Lily,Cartledge,lcartledge9m@toplist.cz,706613350-1,Ram Van 2500
348,Thayne,Lerohan,tlerohan9n@google.de,776288396-7,Ram Van 1500
349,Kristy,Santacrole,ksantacrole9o@usgs.gov,632586132-9,Ranger
350,Annelise,McDermott,amcdermott9p@imgur.com,923951956-4,Yukon XL 1500
351,Leanora,Fowler,lfowler9q@vk.com,034278209-6,Milan
352,Darbie,Ensten,densten9r@vk.com,538652760-6,Sonata
353,Haskel,Mogridge,hmogridge9s@sbwire.com,418518644-4,Mini
354,Kerrie,Scully,kscully9t@histats.com,282899554-2,FX
355,Lira,Cosgrive,lcosgrive9u@histats.com,536760256-8,S-Class
356,Orelia,Stennett,ostennett9v@4shared.com,127473862-8,Sequoia
357,Cristian,Agg,cagg9w@ftc.gov,378168686-8,Sportage
358,Ash,Strathdee,astrathdee9x@tinyurl.com,931530335-0,Explorer Sport
359,Kira,Polley,kpolley9y@harvard.edu,869013881-1,Seville
360,Kienan,Bampforth,kbampforth9z@youtu.be,318640455-X,Montero
361,Silas,Story,sstorya0@auda.org.au,269989766-3,Fiero
362,Flo,Faithfull,ffaithfulla1@wired.com,759231555-6,9-5
363,Sancho,Leathes,sleathesa2@webnode.com,900183633-X,Sierra
364,Cameron,Billanie,cbillaniea3@mtv.com,627001371-2,Truck Xtracab SR5
365,Lucian,Rummery,lrummerya4@4shared.com,898276329-5,Expo
366,Lotty,Simonini,lsimoninia5@senate.gov,852857062-2,W201
367,Emilie,Salvage,esalvagea6@xing.com,623076274-9,Gallardo
368,Florella,Hatrick,fhatricka7@google.pl,686214574-6,MKX
369,Meredeth,Cattrall,mcattralla8@patch.com,095197446-7,Continental
370,Merrill,MacNaughton,mmacnaughtona9@howstuffworks.com,886455678-8,Discovery Series II
371,Walsh,Dudhill,wdudhillaa@sciencedirect.com,013391116-0,Thunderbird
372,Stephine,Smylie,ssmylieab@time.com,527505313-4,Galant
373,Zelig,Prier,zprierac@imdb.com,545337445-4,Grand Prix
374,Gabbi,Castaner,gcastanerad@chicagotribune.com,487204642-0,929
375,Bradley,Hyndley,bhyndleyae@networkadvertising.org,397426157-5,GTO
376,Tallie,Snibson,tsnibsonaf@nih.gov,147419931-3,9000
377,Hortensia,Grene,hgreneag@wikispaces.com,696272769-0,Previa
378,Riane,Gothard,rgothardah@plala.or.jp,088313394-6,DB9
379,Dannel,Edgerly,dedgerlyai@newyorker.com,134852026-4,Yukon
380,Sissie,Maloney,smaloneyaj@amazon.com,654573248-X,2500
381,Tome,Guyers,tguyersak@drupal.org,596326129-5,7 Series
382,Aymer,Afield,aafieldal@answers.com,130410740-X,Titan
383,Livvy,Bakes,lbakesam@google.nl,253996561-X,LS
384,Blancha,Stoak,bstoakan@gravatar.com,778536796-5,Scirocco
385,Allx,Kneal,aknealao@tmall.com,659412855-8,Yukon
386,Lucilia,Hartopp,lhartoppap@ucoz.com,306704686-2,Equinox
387,Arden,Beak,abeakaq@oracle.com,769564479-X,Brooklands
388,Caldwell,Varrow,cvarrowar@europa.eu,120655723-0,Explorer
389,Hirsch,Sorton,hsortonas@cbsnews.com,429208220-0,RL
390,Janaya,Sysland,jsyslandat@weibo.com,601134467-4,V70
391,Axe,Wurst,awurstau@bloglovin.com,554476197-3,S6
392,Gerri,Hardware,ghardwareav@amazon.co.jp,782148238-2,Estate
393,Fedora,Adrienne,fadrienneaw@nps.gov,991398452-1,G25
394,Ricca,Cicculini,rcicculiniax@google.com.au,800352082-7,Allroad
395,Sosanna,Tweedie,stweedieay@amazon.co.uk,497811253-2,MKX
396,Reed,Gaythorpe,rgaythorpeaz@cisco.com,307744809-2,Montero Sport
397,Ernestine,Alpine,ealpineb0@oracle.com,649919145-0,Savana 2500
398,Ashby,McClory,amccloryb1@stumbleupon.com,981317658-X,Crossfire Roadster
399,Ephrayim,Laxson,elaxsonb2@nba.com,946825483-6,Liberty
400,Gauthier,Seppey,gseppeyb3@issuu.com,277198610-8,Explorer
401,Katharyn,Sillars,ksillarsb4@mlb.com,420651593-X,929
402,Chrisse,Iddens,ciddensb5@unesco.org,673066759-1,Ranger
403,Cy,Haville,chavilleb6@jugem.jp,766763550-1,Grand Cherokee
404,Catrina,Ashpole,cashpoleb7@loc.gov,015196021-6,Corolla
405,Dieter,Zanelli,dzanellib8@engadget.com,727778668-8,Rapide
406,Harv,Braganca,hbragancab9@time.com,813258807-X,Daewoo Lacetti
407,Carmencita,Fibbit,cfibbitba@wisc.edu,160802384-2,Mazda3
408,Raimund,Dumbellow,rdumbellowbb@epa.gov,588432245-3,Nuova 500
409,Bonni,Maudett,bmaudettbc@hugedomains.com,935667258-X,Sephia
410,Simona,Taberer,stabererbd@dropbox.com,067928085-5,Swift
411,Amabelle,Roaf,aroafbe@xing.com,936813035-3,SL-Class
412,Darb,Wisdom,dwisdombf@networksolutions.com,199241578-1,Metro
413,Lucy,Vaughan-Hughes,lvaughanhughesbg@quantcast.com,270011182-6,I
414,Janice,Pimmocke,jpimmockebh@mlb.com,871421065-7,LX
415,Chaim,Galpen,cgalpenbi@oaic.gov.au,890921504-6,Escape
416,Stavros,Pringer,springerbj@oracle.com,618225440-8,Tacoma
417,Justine,Loton,jlotonbk@e-recht24.de,113666380-0,Continental
418,Son,Klimaszewski,sklimaszewskibl@newyorker.com,387475192-9,Landaulet
419,Felice,Minards,fminardsbm@naver.com,422221137-0,RSX
420,Ursa,Courtman,ucourtmanbn@discuz.net,944375519-X,Corvette
421,Denney,Abramovic,dabramovicbo@washington.edu,987931454-9,F250
422,Carol,Wapol,cwapolbp@yale.edu,678115935-6,4Runner
423,Moselle,Stanier,mstanierbq@sciencedirect.com,865357195-7,Expedition
424,Tabbitha,Bluett,tbluettbr@fc2.com,150456877-X,Pathfinder
425,Will,Baildon,wbaildonbs@psu.edu,275956421-5,Sorento
426,Anissa,Basler,abaslerbt@miitbeian.gov.cn,469117284-X,Sierra 2500
427,Rubia,Allwood,rallwoodbu@guardian.co.uk,290932151-7,C-Class
428,Nellie,Binnell,nbinnellbv@mashable.com,649916328-7,Jetta
429,Leeann,Santos,lsantosbw@istockphoto.com,630524127-9,Rodeo
430,Gisella,Conway,gconwaybx@a8.net,345928095-6,CL
431,Karlik,Crose,kcroseby@cdc.gov,439807366-3,Justy
432,Julianna,Swafield,jswafieldbz@yolasite.com,400167366-5,Xtra
433,Morena,Brise,mbrisec0@acquirethisname.com,716779448-1,Century
434,Joyan,Wyss,jwyssc1@prlog.org,569984947-5,Sentra
435,Gibbie,Burley,gburleyc2@vk.com,885560905-X,Sunbird
436,Ros,Woolvin,rwoolvinc3@weather.com,434152681-2,LX
437,Noach,Studart,nstudartc4@boston.com,443053605-8,Ram
438,Washington,Tunaclift,wtunacliftc5@go.com,971107114-2,Camaro
439,Arlen,Bagby,abagbyc6@intel.com,126491069-X,Grand Prix
440,Jemmie,Valerio,jvalerioc7@topsy.com,535237699-0,Veracruz
441,Hanson,Thrussell,hthrussellc8@yelp.com,129484486-5,NSX
442,Fanchette,Greedy,fgreedyc9@dmoz.org,499850190-9,Datsun/Nissan Z-car
443,Benoite,Ripley,bripleyca@imageshack.us,068422948-X,CLS-Class
444,Mahala,Dell Casa,mdellcasacb@prnewswire.com,285461481-X,NSX
445,Homerus,Doogan,hdoogancc@tamu.edu,922373850-4,A5
446,Arte,Coraini,acorainicd@arstechnica.com,131209515-6,Lancer Evolution
447,Dex,Hollington,dhollingtonce@ycombinator.com,868129303-6,Suburban 2500
448,Rivy,Fewkes,rfewkescf@storify.com,558046326-X,F250
449,Fina,Marians,fmarianscg@sphinn.com,688247848-1,Monterey
450,Elna,Pauer,epauerch@unesco.org,912753645-9,S4
451,Dodi,Tincombe,dtincombeci@economist.com,979281704-2,Forester
452,Kaitlyn,Geke,kgekecj@wix.com,426849725-0,Town Car
453,Carrissa,Scawn,cscawnck@hibu.com,543703264-1,Sunbird
454,Nikolas,Bogges,nboggescl@independent.co.uk,952745279-1,V70
455,Heddi,D'Elia,hdeliacm@sbwire.com,098346297-6,X-Type
456,Claus,Westphal,cwestphalcn@addtoany.com,560332504-6,Wrangler
457,Wendi,Ewestace,wewestaceco@last.fm,079881047-5,XL-7
458,Marijn,Bridal,mbridalcp@hp.com,569386122-8,V70
459,Jaimie,Abrahamsson,jabrahamssoncq@businessweek.com,978909281-4,Excel
460,Alec,Garfoot,agarfootcr@shop-pro.jp,799835404-6,FX
461,Eustace,Tomsett,etomsettcs@nature.com,311512645-X,C-Class
462,Donnie,Thandi,dthandict@merriam-webster.com,379118347-8,E-Class
463,Freemon,Beddie,fbeddiecu@gizmodo.com,582582356-5,XJ Series
464,Francine,Dumsday,fdumsdaycv@yellowpages.com,755284637-2,SRX
465,Brad,Cave,bcavecw@jugem.jp,637734718-9,Quattroporte
466,Peter,Elwood,pelwoodcx@ebay.com,535907384-5,Golf
467,Giustina,Risman,grismancy@clickbank.net,928667319-1,RX-7
468,Christin,Fries,cfriescz@telegraph.co.uk,036785338-8,Q
469,Brynna,Taylorson,btaylorsond0@flickr.com,854894433-1,Freelander
470,Berkeley,Beyne,bbeyned1@tripadvisor.com,431267442-6,Continental GTC
471,Gizela,Stitch,gstitchd2@dailymotion.com,254150156-0,Interceptor
472,Karlene,Hansana,khansanad3@home.pl,912710909-7,Focus
473,Ruth,Biggin,rbiggind4@pinterest.com,814792661-8,Daewoo Kalos
474,Shanda,Di Filippo,sdifilippod5@arstechnica.com,908184110-6,Space
475,Jaine,Ashford,jashfordd6@google.fr,093349505-6,Elantra
476,Bette,Janousek,bjanousekd7@alibaba.com,340449329-X,C-Class
477,Cherry,Guntrip,cguntripd8@businessweek.com,511784811-X,Maxima
478,Doralia,McArley,dmcarleyd9@pagesperso-orange.fr,427455069-9,Avalanche 2500
479,Yoko,Love,yloveda@slideshare.net,802777919-7,F-Series
480,Dukey,Cardoe,dcardoedb@eepurl.com,109974896-8,Corvette
481,Harmonie,Heppner,hheppnerdc@cbc.ca,442126732-5,Edge
482,Tobye,Chrishop,tchrishopdd@people.com.cn,507513276-6,Legacy
483,Vanni,Merfin,vmerfinde@apache.org,074654674-2,IS F
484,Roy,Balazin,rbalazindf@moonfruit.com,569093415-1,Prelude
485,Charley,Detoc,cdetocdg@shareasale.com,896391999-4,Millenia
486,Dylan,Whickman,dwhickmandh@uiuc.edu,252041993-8,Discovery
487,Nanon,Caudwell,ncaudwelldi@1688.com,004024961-1,Chariot
488,Yovonnda,Groven,ygrovendj@thetimes.co.uk,234568873-4,DeVille
489,Zorah,Blues,zbluesdk@opensource.org,897983280-X,TundraMax
490,Ave,Varty,avartydl@squidoo.com,571403319-1,MKT
491,Robin,Bedinn,rbedinndm@shutterfly.com,575465903-2,GTO
492,Gwenore,Betteney,gbetteneydn@purevolume.com,249997126-6,Rodeo Sport
493,Ivett,Goodsir,igoodsirdo@newsvine.com,083225826-1,Elise
494,Guglielmo,Corro,gcorrodp@networkadvertising.org,631593760-8,G
495,Tomasina,Billion,tbilliondq@cdbaby.com,894009042-X,Eos
496,Malissa,Soigne,msoignedr@blinklist.com,330719116-0,G6
497,Kyle,Antoniottii,kantoniottiids@smugmug.com,443937306-2,Topaz
498,Biddy,Cunney,bcunneydt@about.com,442027258-9,XC90
499,Mikel,Maypes,mmaypesdu@networksolutions.com,783324463-5,B2600
500,Kendricks,Laird,klairddv@toplist.cz,153023359-3,Sable
501,Dido,Loxly,dloxlydw@skyrock.com,651138305-9,Range Rover
502,Bernita,Inkpen,binkpendx@simplemachines.org,652863580-3,Impala
503,Harriet,Pflieger,hpfliegerdy@goo.ne.jp,668069313-6,Town Car
504,Merla,Bauld,mbaulddz@360.cn,292649891-8,Sonoma
505,Haleigh,Sands-Allan,hsandsallane0@bbb.org,037827059-1,X3
506,Leanor,Hazelgreave,lhazelgreavee1@prnewswire.com,493750393-6,Camaro
507,Amye,Pitkeathly,apitkeathlye2@wikipedia.org,417557817-X,E-Class
508,Aldin,Velez,aveleze3@constantcontact.com,672589443-7,Wrangler
509,Blinny,Aulsford,baulsforde4@naver.com,004097987-3,4Runner
510,Almeta,Davydzenko,adavydzenkoe5@qq.com,321345979-8,Cavalier
511,Mead,MacWilliam,mmacwilliame6@ftc.gov,183230285-7,Regal
512,Chickie,Elcocks,celcockse7@answers.com,732587342-5,Ram 1500 Club
513,Charyl,Pardy,cpardye8@reference.com,067692722-X,Mini Cooper
514,Lorinda,Adnams,ladnamse9@examiner.com,588531362-8,Galant
515,Lani,Merryweather,lmerryweatherea@blogger.com,595368358-8,Corolla
516,Jenny,Remirez,jremirezeb@marketwatch.com,068388431-X,Scoupe
517,Thadeus,Watting,twattingec@cbc.ca,543532223-5,SLR McLaren
518,Kata,Walkden,kwalkdened@forbes.com,953038530-7,IS F
519,Shayna,Emlin,semlinee@deliciousdays.com,147346464-1,Jimmy
520,Aeriela,Cutill,acutillef@oakley.com,927414968-9,H2
521,Harmony,Trebbett,htrebbetteg@engadget.com,864984180-5,Accord
522,Edan,Wallington,ewallingtoneh@blog.com,392381631-6,Expedition
523,Wainwright,Petrak,wpetrakei@nih.gov,087188813-0,Grand Prix
524,Garwin,Ibert,gibertej@cyberchimps.com,641418138-2,Celica
525,Katee,McAnellye,kmcanellyeek@nih.gov,986317604-4,Xterra
526,Bella,Faulo,bfauloel@ezinearticles.com,655520388-9,Grand Prix
527,Freddy,Hollier,fhollierem@yandex.ru,786441764-7,SX4
528,Tabbitha,Weldon,tweldonen@freewebs.com,815179367-8,350Z
529,Loni,Terrans,lterranseo@ihg.com,918617701-X,626
530,Nannie,Griffithe,ngriffitheep@ebay.com,016720957-4,Frontier
531,Gorden,Calfe,gcalfeeq@ask.com,204563563-5,I
532,Brandon,Marchington,bmarchingtoner@redcross.org,513041780-1,Silverado 2500
533,Lammond,Gyurkovics,lgyurkovicses@amazon.com,754957859-1,Crown Victoria
534,Corine,Bozworth,cbozworthet@wikispaces.com,760801614-0,Corolla
535,Ellissa,Hungerford,ehungerfordeu@sphinn.com,467414370-5,CR-V
536,Lorita,Labba,llabbaev@un.org,261461336-3,Freestar
537,Arnaldo,Alleyne,aalleyneew@slashdot.org,514186114-7,Aero 8
538,Claresta,Mathiasen,cmathiasenex@harvard.edu,913411740-7,E-Class
539,Lulu,Dimitriades,ldimitriadesey@house.gov,193502041-2,i-280
540,Emili,Esome,eesomeez@devhub.com,505681109-2,Esprit
541,Gratiana,Souster,gsousterf0@pen.io,099980087-6,Acadia
542,Murdock,Caville,mcavillef1@mit.edu,187794976-0,A8
543,Paule,Slidders,psliddersf2@reuters.com,579513749-9,Trooper
544,Bobette,Deneve,bdenevef3@plala.or.jp,739093174-4,XC70
545,Claudian,Poland,cpolandf4@stanford.edu,575495010-1,S10
546,Dame,Charnick,dcharnickf5@unc.edu,269421580-7,F-Series
547,Haroun,Geldeford,hgeldefordf6@reddit.com,257237327-0,B-Series Plus
548,Jenna,Breckell,jbreckellf7@joomla.org,907919083-7,Venza
549,Merv,Sparway,msparwayf8@unesco.org,090671883-X,Quantum
550,Tiebout,Jerger,tjergerf9@cam.ac.uk,735792088-7,Intrepid
551,Antonie,Medcraft,amedcraftfa@linkedin.com,764232029-9,Vision
552,Levey,Klimov,lklimovfb@xrea.com,027607758-X,Civic
553,Reinwald,Batchan,rbatchanfc@eepurl.com,307368287-2,Sportvan G30
554,Carmita,Ruppeli,cruppelifd@dmoz.org,750820142-6,Montero
555,Maximilianus,Palister,mpalisterfe@networkadvertising.org,210781134-2,Suburban 2500
556,Lucita,Pinsent,lpinsentff@sciencedaily.com,361069400-9,Charger
557,Lorenza,Clews,lclewsfg@macromedia.com,217592318-5,B-Series Plus
558,Lynn,Siely,lsielyfh@wordpress.org,945206884-1,Countach
559,Cly,Moss,cmossfi@redcross.org,858242488-4,Z4 M
560,Daisie,Matthai,dmatthaifj@devhub.com,522530246-7,Chariot
561,Cozmo,Nitto,cnittofk@lulu.com,438397808-8,Voyager
562,Emelita,Leisk,eleiskfl@list-manage.com,219742068-2,Escort
563,Cleopatra,De Witt,cdewittfm@soundcloud.com,371221047-7,Discovery Series II
564,Gibby,Ladel,gladelfn@surveymonkey.com,438748102-1,Corrado
565,Rockie,Athridge,rathridgefo@deliciousdays.com,826405192-8,New Yorker
566,Elia,Skoggings,eskoggingsfp@odnoklassniki.ru,077031181-4,Firebird
567,Onida,Van Driel,ovandrielfq@privacy.gov.au,719220937-6,Vandura 1500
568,Orelie,Sweeney,osweeneyfr@un.org,831046542-4,300TE
569,Adore,Temple,atemplefs@usnews.com,746578819-6,Astro
570,Eddi,Slowgrove,eslowgroveft@barnesandnoble.com,429320703-1,Express 2500
571,Grethel,Bilbee,gbilbeefu@newyorker.com,742365271-7,DB9
572,Fremont,Iskowicz,fiskowiczfv@cargocollective.com,900555782-6,Jimmy
573,Jesselyn,Lunam,jlunamfw@dagondesign.com,163290243-5,Continental
574,Sharona,Brugman,sbrugmanfx@yahoo.com,137236459-5,Edge
575,De,Kahler,dkahlerfy@redcross.org,339508639-9,Camaro
576,Bria,Kedwell,bkedwellfz@wikipedia.org,729432826-9,Bonneville
577,Bank,Collick,bcollickg0@slashdot.org,577906273-0,X6
578,Reese,Toynbee,rtoynbeeg1@sciencedaily.com,395615167-4,Navigator L
579,Georgianne,Baitey,gbaiteyg2@gmpg.org,379462586-2,Monte Carlo
580,Sella,Tichner,stichnerg3@state.tx.us,213929256-1,F350
581,Chariot,Fautley,cfautleyg4@seesaa.net,060556922-3,Quest
582,Anabella,Kintish,akintishg5@unesco.org,763758089-X,Cougar
583,Roberto,Rivitt,rrivittg6@arstechnica.com,373046241-5,MX-5
584,Bobina,Pelzer,bpelzerg7@who.int,655641367-4,Voyager
585,Dimitry,Greenrod,dgreenrodg8@taobao.com,111777045-1,Cordia
586,Mair,Harsnep,mharsnepg9@mail.ru,018291875-0,Maxima
587,Katrinka,Glassup,kglassupga@xinhuanet.com,915969584-6,G35
588,Nomi,Gibbett,ngibbettgb@themeforest.net,912187030-6,M6
589,Norris,Furmenger,nfurmengergc@independent.co.uk,019354277-3,MKZ
590,Carolyne,Allender,callendergd@artisteer.com,133227755-1,Town & Country
591,Willy,Snedker,wsnedkerge@examiner.com,861199385-3,Matrix
592,Verge,Durrand,vdurrandgf@infoseek.co.jp,853033013-7,Montero
593,Alano,Switland,aswitlandgg@mail.ru,218407813-1,XT
594,Christian,Berrick,cberrickgh@bloglines.com,831418676-7,Sonoma Club Coupe
595,Helge,Mewha,hmewhagi@drupal.org,064979680-2,PT Cruiser
596,Lane,Kuhlmey,lkuhlmeygj@cafepress.com,745376734-2,RAV4
597,Melisa,Wedmore,mwedmoregk@google.nl,802069479-X,Town Car
598,Darlene,Sisson,dsissongl@github.com,650564476-8,XT
599,Gussy,Rouff,grouffgm@odnoklassniki.ru,721717313-2,Sixty Special
600,Reube,Rylance,rrylancegn@technorati.com,793443193-7,Ion
601,Vittoria,Tremellier,vtremelliergo@theatlantic.com,361441565-1,Vandura 1500
602,Shelden,Whellans,swhellansgp@smugmug.com,153158379-2,G-Series G10
603,Ophelie,Fincken,ofinckengq@fc2.com,624721368-9,Camry
604,Aridatha,Lapree,alapreegr@nasa.gov,111965877-2,Range Rover Sport
605,Bank,Longea,blongeags@yahoo.com,096272008-9,Suburban
606,Clarence,Visick,cvisickgt@berkeley.edu,867347174-5,Eclipse
607,Christiana,Burnapp,cburnappgu@ifeng.com,270576803-3,1500
608,Jenny,Devenish,jdevenishgv@google.it,244373338-6,Eldorado
609,Kendra,Kunc,kkuncgw@imgur.com,587617759-8,Escape
610,Leilah,Raymen,lraymengx@infoseek.co.jp,697201057-8,Corvette
611,Abdel,Spykings,aspykingsgy@tripod.com,049351602-6,6000
612,Jesselyn,Braun,jbraungz@123-reg.co.uk,075155806-0,Navigator
613,Reuben,Stairmond,rstairmondh0@about.com,700987414-X,Jetta
614,Sonny,Cancellor,scancellorh1@hugedomains.com,410743949-6,Liberty
615,Rosco,Mabey,rmabeyh2@sbwire.com,628851780-1,F-Series
616,Locke,Trunks,ltrunksh3@acquirethisname.com,592958432-X,Esprit
617,Ursola,Treppas,utreppash4@nydailynews.com,764438715-3,VUE
618,Boris,Adamovich,badamovichh5@reverbnation.com,317510018-X,Sorento
619,Ettore,Limpenny,elimpennyh6@paypal.com,764579081-4,300
620,Guntar,Parkes,gparkesh7@indiatimes.com,817479341-0,W126
621,Faustina,Blackborough,fblackboroughh8@ft.com,988970347-5,Trooper
622,Connie,Urridge,curridgeh9@oaic.gov.au,865742823-7,Expedition
623,Myra,Kemmish,mkemmishha@unblog.fr,369509469-9,CL-Class
624,Hermon,Skeath,hskeathhb@facebook.com,147943833-2,1000
625,Barnie,Cuming,bcuminghc@sitemeter.com,339019540-8,Ram Van 3500
626,Tobe,Stivey,tstiveyhd@google.cn,170607145-0,G5
627,Rockwell,Ciccetti,rciccettihe@imgur.com,146348622-7,Econoline E250
628,Bond,Beranek,bberanekhf@cpanel.net,742068594-0,Vision
629,Linet,MacGillivrie,lmacgillivriehg@narod.ru,368822962-2,Miata MX-5
630,Vivyan,Cleere,vcleerehh@networkadvertising.org,015598321-0,7 Series
631,Sean,Holdin,sholdinhi@cam.ac.uk,933786218-2,3500
632,Sarette,Masseo,smasseohj@instagram.com,406351270-3,Compass
633,Ynez,Vignaux,yvignauxhk@t-online.de,030612321-5,Sierra 1500
634,Candie,De La Hay,cdelahayhl@ameblo.jp,077123371-X,Torrent
635,Bran,Grim,bgrimhm@nyu.edu,646100734-2,Savana
636,Crichton,Meritt,cmeritthn@patch.com,349507008-7,Caravan
637,Tandi,Faulconbridge,tfaulconbridgeho@naver.com,681790523-0,S8
638,Lonny,Sanper,lsanperhp@comcast.net,030086112-5,Tucson
639,Neil,Robertacci,nrobertaccihq@abc.net.au,390532889-5,Regal
640,Reine,Payley,rpayleyhr@bizjournals.com,167445975-0,G6
641,Asa,Gilligan,agilliganhs@alexa.com,676812728-4,SSR
642,Dolph,Pourveer,dpourveerht@umn.edu,974163567-2,Protege
643,Debbi,Bowkett,dbowketthu@dot.gov,347503667-3,Esprit
644,Yardley,Budnk,ybudnkhv@miibeian.gov.cn,152523740-3,Topaz
645,Rutter,Bode,rbodehw@geocities.com,388112951-0,760
646,Sheilah,Donnel,sdonnelhx@unesco.org,471317675-3,Celica
647,Ruben,Monteath,rmonteathhy@free.fr,897890023-2,Ram 2500
648,Salomone,Ghidoni,sghidonihz@cbc.ca,585622847-2,Challenger
649,Isobel,Waltering,iwalteringi0@pen.io,351347780-5,GX
650,Venita,Scneider,vscneideri1@google.ru,730482188-4,RL
651,Anne-marie,Vuitton,avuittoni2@hp.com,301111902-3,Express 2500
652,Claudette,Bakesef,cbakesefi3@cbsnews.com,324020683-8,LS
653,Alison,Stenhouse,astenhousei4@phpbb.com,964532096-8,Silverado 3500
654,Shelia,Bartles,sbartlesi5@tuttocitta.it,187909078-3,9000
655,Patience,Guinness,pguinnessi6@netscape.com,497864077-6,X5 M
656,Melita,Kendell,mkendelli7@disqus.com,453027480-2,Riviera
657,Tallou,Bradburn,tbradburni8@pcworld.com,441994088-3,Rodeo
658,Noam,Ivel,niveli9@phpbb.com,721522820-7,Z4
659,Tamarra,McKinlay,tmckinlayia@unicef.org,596040196-7,W126
660,Ax,O'Shaughnessy,aoshaughnessyib@histats.com,534957154-0,Eurovan
661,Leelah,Byers,lbyersic@indiegogo.com,998979910-5,Outback
662,Dev,Blackater,dblackaterid@booking.com,514815933-2,TL
663,Rancell,Espada,respadaie@so-net.ne.jp,506845808-2,Murano
664,Marlie,Cardenosa,mcardenosaif@comcast.net,598141731-5,Dakota Club
665,Reece,Purver,rpurverig@oaic.gov.au,525086640-9,Elantra
666,Amalita,Di Lucia,adiluciaih@ebay.co.uk,254026372-0,Hombre Space
667,Leonie,Buxam,lbuxamii@businessinsider.com,451042095-1,98
668,Fabe,Ruzicka,fruzickaij@boston.com,013492155-0,S2000
669,John,Guye,jguyeik@statcounter.com,369707402-4,IS
670,Lexine,Tomasicchio,ltomasicchioil@ycombinator.com,798060142-4,Mirage
671,Kip,Dobsons,kdobsonsim@amazon.com,280877772-8,Mustang
672,Sven,Haughin,shaughinin@prweb.com,335184408-5,Caravan
673,Cherianne,Deignan,cdeignanio@paypal.com,458207513-4,Caliber
674,Antonia,Dakhov,adakhovip@163.com,902904975-8,Ram Van 3500
675,Shelia,Kenningham,skenninghamiq@google.cn,808005669-2,Silverado 3500
676,Sheilah,Crain,scrainir@instagram.com,171164150-2,S4
677,Karol,Gostall,kgostallis@google.de,660221869-7,S-Class
678,Alberik,Duckerin,aduckerinit@webnode.com,359472376-3,Silverado 1500
679,Tanitansy,Blackbourn,tblackbourniu@google.com.hk,449799372-8,LUV
680,Ema,Moran,emoraniv@sitemeter.com,427566963-0,Commander
681,Alard,Winfindine,awinfindineiw@ucla.edu,668556971-9,Integra
682,Cly,Caseley,ccaseleyix@youtu.be,484478896-5,Aurora
683,Sloan,Paradin,sparadiniy@nyu.edu,036204994-7,DeVille
684,Bone,Fortman,bfortmaniz@tinypic.com,136920628-3,Highlander Hybrid
685,Danie,Peerless,dpeerlessj0@ihg.com,143697942-0,Escalade
686,Delcina,Rodear,drodearj1@ameblo.jp,824494136-7,Grand Caravan
687,Jacki,Partleton,jpartletonj2@guardian.co.uk,264315690-0,Odyssey
688,Luella,Rutgers,lrutgersj3@arstechnica.com,554055324-1,Forester
689,Minnie,Ceschini,mceschinij4@angelfire.com,078889019-0,MDX
690,Mathian,Gonnelly,mgonnellyj5@ebay.com,546704265-3,Escape
691,Belicia,Justun,bjustunj6@imgur.com,747301739-X,Suburban 1500
692,Gisela,Regnard,gregnardj7@plala.or.jp,273451831-7,H2 SUV
693,Dorey,Fetteplace,dfetteplacej8@chron.com,342276387-2,Explorer Sport Trac
694,Ray,Paule,rpaulej9@google.ru,352011027-X,Golf
695,Edsel,Meakes,emeakesja@pinterest.com,026270166-9,G6
696,Siobhan,Robiot,srobiotjb@wikispaces.com,358683135-8,Quattro
697,Nate,Haistwell,nhaistwelljc@yale.edu,070898370-7,A8
698,Anderea,Gilkes,agilkesjd@delicious.com,209219450-X,Ram Van B350
699,Lyman,Garrals,lgarralsje@geocities.jp,195670169-9,Accord
700,Amalle,Tregona,atregonajf@mtv.com,235984387-7,E350
701,Corey,Brownlea,cbrownleajg@dion.ne.jp,078514448-X,500SL
702,Lotte,Errey,lerreyjh@jugem.jp,092581888-7,Mustang
703,Steffie,Roglieri,sroglieriji@pinterest.com,864076663-0,Forester
704,Saloma,Voak,svoakjj@icq.com,725352316-4,Savana 2500
705,Kristian,Kwiek,kkwiekjk@vistaprint.com,175795497-X,Sentra
706,Sondra,Nottingam,snottingamjl@berkeley.edu,888981490-X,SLS AMG
707,Cybill,Giacoppo,cgiacoppojm@github.io,055664940-0,Navigator L
708,Eydie,Blamires,eblamiresjn@webmd.com,164149886-2,Corolla
709,Winston,Knoble,wknoblejo@delicious.com,426948742-9,9-5
710,Rafa,Gottschalk,rgottschalkjp@amazon.com,230500926-7,QX
711,Nicko,Bertolaccini,nbertolaccinijq@cbsnews.com,276590510-X,Solara
712,Pace,Naisbitt,pnaisbittjr@g.co,496684872-5,V8 Vantage
713,Nicolis,Greenhall,ngreenhalljs@gov.uk,020938591-X,APV
714,Siusan,Edelheid,sedelheidjt@google.com,513112404-2,Tracker
715,Karalynn,Gendrich,kgendrichju@usnews.com,165088698-5,Maxima
716,Townie,MacGovern,tmacgovernjv@java.com,935212942-3,Navajo
717,Matthew,Flott,mflottjw@etsy.com,908903729-2,F-Series
718,Ahmad,Marks,amarksjx@example.com,518464063-0,Corvette
719,Philip,Gouldthorp,pgouldthorpjy@cargocollective.com,541142164-0,Previa
720,Shurwood,Thowes,sthowesjz@sciencedirect.com,043081916-1,Highlander
721,Malvin,McNamee,mmcnameek0@scientificamerican.com,617600516-7,Intrepid
722,Charissa,MacClure,cmacclurek1@addtoany.com,284033049-0,Pilot
723,Ulrick,Morritt,umorrittk2@foxnews.com,992224020-3,ES
724,Kirsten,Yacobsohn,kyacobsohnk3@bloglines.com,615975784-9,Neon
725,Levin,Sutlieff,lsutlieffk4@reverbnation.com,674682538-8,Chariot
726,Waverly,Geekie,wgeekiek5@tmall.com,383842707-6,GT-R
727,Colan,Tyrrell,ctyrrellk6@tamu.edu,531994413-6,Express 2500
728,Tally,Coulman,tcoulmank7@macromedia.com,212875331-7,Ram 3500
729,Wendye,McCoish,wmccoishk8@etsy.com,659079085-X,Mystique
730,Bart,Thorne,bthornek9@wisc.edu,666112941-7,X-Type
731,Filide,Flippini,fflippinika@hostgator.com,486960796-4,Impreza
732,Florencia,Rowter,frowterkb@xinhuanet.com,547024124-6,911
733,Mareah,Sinncock,msinncockkc@bloglines.com,783769982-3,2500 Club Coupe
734,Lesly,Bleas,lbleaskd@digg.com,584419685-6,Thunderbird
735,Eydie,Cotesford,ecotesfordke@qq.com,366074998-2,Concorde
736,Renado,Rooson,rroosonkf@java.com,657443276-6,Bronco
737,Alon,Schoenrock,aschoenrockkg@hubpages.com,247677264-X,Aspire
738,Ethelred,McDermott-Row,emcdermottrowkh@google.es,265662331-6,Aspire
739,Dewitt,Siemandl,dsiemandlki@theatlantic.com,371021329-0,Mazda6
740,Ginny,Broggini,gbrogginikj@purevolume.com,388568029-7,Cabriolet
741,Lexis,Brasier,lbrasierkk@homestead.com,638286413-7,Bonneville
742,Adaline,Micheli,amichelikl@i2i.jp,308308993-7,Safari
743,Al,Hinze,ahinzekm@adobe.com,004264959-5,280ZX
744,Sibyl,Cast,scastkn@friendfeed.com,368502743-3,New Beetle
745,Sergei,Kersaw,skersawko@pagesperso-orange.fr,411194882-0,Galaxie
746,Doralin,Roon,droonkp@last.fm,815243370-5,E-Class
747,Aharon,Hulks,ahulkskq@wunderground.com,505970716-4,Passat
748,Leonelle,Ostick,lostickkr@arizona.edu,558842919-2,Quattroporte
749,Maryanne,Ramsdell,mramsdellks@yellowpages.com,855401037-X,Traverse
750,Louisette,Heinlein,lheinleinkt@php.net,466613840-4,Cooper
751,Shellysheldon,Firpo,sfirpoku@samsung.com,901338399-8,Sunbird
752,Roosevelt,Clement,rclementkv@plala.or.jp,922998806-5,XC60
753,Amaleta,Gariff,agariffkw@nhs.uk,763118541-7,Firefly
754,Zed,Piesold,zpiesoldkx@google.co.uk,443366093-0,Rondo
755,Cori,Dellar,cdellarky@intel.com,127466229-X,Altima
756,Elias,Birdfield,ebirdfieldkz@macromedia.com,937813954-X,Q7
757,Joly,Jeckells,jjeckellsl0@upenn.edu,024736165-8,Pathfinder
758,Brandy,Nelsey,bnelseyl1@hugedomains.com,616900929-2,911
759,Gwen,Larby,glarbyl2@washingtonpost.com,557225060-0,Element
760,Agnola,Prise,aprisel3@marketwatch.com,945862141-0,57
761,Braden,Walkley,bwalkleyl4@pen.io,264957991-9,Pilot
762,Jermaine,Hadlow,jhadlowl5@wix.com,695771831-X,F150
763,Morgen,Joinson,mjoinsonl6@mozilla.org,917552994-7,Dakota Club
764,Cherianne,Sodo,csodol7@sina.com.cn,232117387-4,Impreza
765,Galven,Beevens,gbeevensl8@vimeo.com,665084640-6,Civic
766,Karine,Murgatroyd,kmurgatroydl9@auda.org.au,611450616-2,Passat
767,Terza,Ottosen,tottosenla@tripadvisor.com,961080898-0,Sunbird
768,Ronda,Alabastar,ralabastarlb@cpanel.net,713622363-6,Corvette
769,Sissie,Dyshart,sdyshartlc@miitbeian.gov.cn,989794423-0,Impala
770,Yuri,Inglish,yinglishld@sfgate.com,932707402-5,Esprit
771,Stevie,Stedman,sstedmanle@linkedin.com,647377419-X,RDX
772,Raynard,Prestner,rprestnerlf@photobucket.com,370994672-7,Sentra
773,Eli,Carnduff,ecarndufflg@telegraph.co.uk,238156396-2,EV1
774,Idelle,Bradie,ibradielh@alexa.com,236225157-8,Accord
775,Neddie,Eagle,neagleli@360.cn,573960320-X,Diamante
776,Maurine,Buzzing,mbuzzinglj@mail.ru,448726598-3,MDX
777,Percy,Maypowder,pmaypowderlk@usgs.gov,477486907-4,Panamera
778,Kendre,Anning,kanningll@jigsy.com,840964977-2,Focus
779,Vernice,Kochs,vkochslm@spiegel.de,326857218-9,Wrangler
780,Redford,Forbear,rforbearln@sogou.com,252026648-1,90
781,Taddeo,Dales,tdaleslo@oaic.gov.au,828012211-7,Boxster
782,Carline,Aizikovich,caizikovichlp@odnoklassniki.ru,604253498-X,Voyager
783,Arlana,Smiley,asmileylq@weather.com,180112895-2,Explorer
784,Bone,Molson,bmolsonlr@github.io,003895794-9,Firebird
785,Gayle,O'Kynsillaghe,gokynsillaghels@ovh.net,810937990-7,Cooper Clubman
786,Karmen,Franey,kfraneylt@mozilla.com,269015812-4,Versa
787,Hayward,Elderton,heldertonlu@wisc.edu,864215569-8,Ram Van 1500
788,Kenton,Loveard,kloveardlv@taobao.com,531340595-0,S-Series
789,Adan,Delgaty,adelgatylw@gravatar.com,008294574-8,PT Cruiser
790,Christiano,Zanettini,czanettinilx@wix.com,477500828-5,Lumina
791,Eada,Frantz,efrantzly@rediff.com,021793785-3,Park Avenue
792,Urbanus,Forster,uforsterlz@newsvine.com,981979864-7,Grand Am
793,Pamella,Millin,pmillinm0@timesonline.co.uk,205500145-0,Sonata
794,Trace,Speirs,tspeirsm1@senate.gov,389783973-3,Skylark
795,Constantia,Blowfelde,cblowfeldem2@economist.com,064133382-X,Eclipse
796,Geoffrey,Fairbrace,gfairbracem3@mapy.cz,730582577-8,Astro
797,Cole,Spennock,cspennockm4@ucsd.edu,670917476-X,Solara
798,Alvy,Drogan,adroganm5@google.com,888905597-9,GTI
799,Alexi,Mournian,amournianm6@house.gov,484981032-2,1 Series
800,Kessiah,Tydd,ktyddm7@is.gd,580689347-2,Bronco
801,Langston,Forrest,lforrestm8@g.co,632263186-1,4Runner
802,Lonnie,Coneybeare,lconeybearem9@people.com.cn,873683488-2,F430 Spider
803,Trixi,Teodorski,tteodorskima@hp.com,636355827-1,Imperial
804,Christal,Haldenby,chaldenbymb@hp.com,919834373-4,Tundra
805,Katrinka,Colcutt,kcolcuttmc@fc2.com,202521973-3,CR-V
806,Aleda,Kipping,akippingmd@github.com,757257746-6,Yukon
807,Reggie,Kinsett,rkinsettme@lycos.com,499480683-7,Daytona
808,Ryon,Slimings,rslimingsmf@census.gov,641504596-2,900
809,Eleen,Hunnable,ehunnablemg@moonfruit.com,498855766-9,Windstar
810,Fianna,Goodbanne,fgoodbannemh@google.co.uk,438998077-7,Express 2500
811,Zeb,Fetherstan,zfetherstanmi@ameblo.jp,565219053-1,Spirit
812,Josie,Steers,jsteersmj@hc360.com,385383470-1,FX
813,Alleyn,Pirkis,apirkismk@tinypic.com,500538367-0,Civic
814,Laureen,Hewson,lhewsonml@pen.io,654597234-0,IS
815,Saleem,Novic,snovicmm@shop-pro.jp,341096420-7,Skyhawk
816,Alix,Kirlin,akirlinmn@washingtonpost.com,929693125-8,Ram
817,Tildy,Benoey,tbenoeymo@altervista.org,037256299-X,PT Cruiser
818,Rogerio,Riteley,rriteleymp@state.gov,509473200-5,S80
819,Wilhelmine,Aujean,waujeanmq@yale.edu,800372363-9,X-90
820,Tate,Dummett,tdummettmr@addtoany.com,656691880-9,Colt
821,Netti,Angrove,nangrovems@phpbb.com,108084254-3,LTD
822,Dick,Lotze,dlotzemt@ebay.co.uk,253465821-2,80
823,Kathie,Girth,kgirthmu@economist.com,185199142-5,Econoline E150
824,Xavier,Medlar,xmedlarmv@adobe.com,900079340-8,Tercel
825,Mahala,Bwy,mbwymw@vistaprint.com,514062404-4,Suburban 1500
826,Daisey,Tompkinson,dtompkinsonmx@mayoclinic.com,583253345-3,Millenia
827,Orin,Bayliss,obaylissmy@toplist.cz,206957708-2,Camaro
828,Betteanne,Andrejevic,bandrejevicmz@nasa.gov,361745837-8,S60
829,Elbertine,Godbold,egodboldn0@flavors.me,056985889-5,S60
830,Junie,Edmons,jedmonsn1@mit.edu,890025884-2,Eurovan
831,Shirlene,Grinstead,sgrinsteadn2@flickr.com,917477458-1,XC90
832,Gwynne,Liptrot,gliptrotn3@photobucket.com,375877906-5,Vanagon
833,Demott,Blaxton,dblaxtonn4@state.gov,247353287-7,Park Avenue
834,Willy,Milton,wmiltonn5@cyberchimps.com,811744809-2,LHS
835,Reynolds,Revie,rrevien6@shop-pro.jp,789874285-0,525
836,Skipp,Revelle,srevellen7@smugmug.com,648640826-X,Sportvan G20
837,Thurstan,Lynnett,tlynnettn8@cyberchimps.com,010551138-2,3500 Club Coupe
838,Aimee,Lynett,alynettn9@example.com,789705332-6,B-Series
839,Hannie,Borit,hboritna@eepurl.com,900776208-7,Fifth Ave
840,Ameline,Rouchy,arouchynb@imgur.com,000228966-0,Altima
841,Cobb,Littlewood,clittlewoodnc@pen.io,534905044-3,Probe
842,Dukey,Casswell,dcasswellnd@flavors.me,898270738-7,3500
843,Ruthy,Baglin,rbaglinne@soundcloud.com,731124171-5,Rapide
844,Etheline,Torrans,etorransnf@instagram.com,983818623-6,Rodeo Sport
845,Kenton,Kelemen,kkelemenng@mit.edu,156487451-6,Aurora
846,Uri,Gustus,ugustusnh@facebook.com,256774420-7,LTD
847,Jerrold,Lithgow,jlithgowni@usda.gov,602427051-8,Town & Country
848,Gray,Feldman,gfeldmannj@webeden.co.uk,864903345-8,Prizm
849,Bonnie,Penritt,bpenrittnk@macromedia.com,135477224-5,S8
850,Redd,Robeson,rrobesonnl@state.gov,675867932-2,xD
851,Annadiana,Beetles,abeetlesnm@diigo.com,374030264-X,A4
852,Frayda,Baelde,fbaeldenn@irs.gov,498019732-9,Crown Victoria
853,Roland,MacSwayde,rmacswaydeno@uiuc.edu,838371752-0,Mustang
854,Emmet,Reidie,ereidienp@twitpic.com,384660555-7,300SE
855,Valaree,Darkins,vdarkinsnq@ft.com,943714831-7,Laser
856,Roth,Cowsby,rcowsbynr@hud.gov,904892837-0,Cherokee
857,Jodie,Lace,jlacens@facebook.com,505450427-3,Caravan
858,Simeon,Andreazzi,sandreazzint@stanford.edu,550967424-5,2500
859,Alma,Smitton,asmittonnu@intel.com,955447905-0,Tracker
860,Loni,Bertelmot,lbertelmotnv@umich.edu,270850905-5,Impulse
861,Marco,Sympson,msympsonnw@phpbb.com,314475376-9,Accord
862,Evelin,Otley,eotleynx@purevolume.com,795837538-7,Sequoia
863,Cyndy,Cleverley,ccleverleyny@issuu.com,367184460-4,Tribeca
864,Rockwell,Piatti,rpiattinz@eepurl.com,706684725-3,Charger
865,Arlana,Fairlamb,afairlambo0@apple.com,101705679-X,Avalanche
866,Erl,Dioniso,edionisoo1@a8.net,167014809-2,Topaz
867,Kris,Balfour,kbalfouro2@buzzfeed.com,480964214-3,Continental GT
868,Sephira,Thaxton,sthaxtono3@vk.com,222674083-X,G
869,Betteann,Albarez,balbarezo4@rambler.ru,086995316-8,Focus
870,Elisha,Rainsden,erainsdeno5@spotify.com,991528691-0,Fit
871,Niles,Rosten,nrosteno6@squidoo.com,811527725-8,Cruze
872,Gracie,Shevlan,gshevlano7@blogtalkradio.com,698688192-4,Avanti
873,Ches,Judron,cjudrono8@technorati.com,872448139-4,Canyon
874,Wayland,Bithany,wbithanyo9@sitemeter.com,723989486-X,Sable
875,Dall,Laytham,dlaythamoa@ucsd.edu,119395492-4,1500 Club Coupe
876,Mag,Sambrook,msambrookob@uol.com.br,363672843-1,Tahoe
877,Dukie,Sneyd,dsneydoc@netlog.com,999504107-3,STS-V
878,Leonanie,Halstead,lhalsteadod@smh.com.au,931975692-9,Premier
879,Hinze,Kleinhandler,hkleinhandleroe@homestead.com,396822661-5,Sportvan G20
880,Taite,Leyshon,tleyshonof@google.pl,353897946-4,GTI
881,Leelah,Halbert,lhalbertog@slate.com,970390164-6,GTO
882,Blisse,Pummell,bpummelloh@nytimes.com,883107668-X,4000s Quattro
883,Glenn,Jefferd,gjefferdoi@godaddy.com,375605752-6,Tucson
884,Sissie,McQuillan,smcquillanoj@ucoz.com,097505763-4,Golf
885,Tobin,Sipson,tsipsonok@webs.com,875300707-7,Explorer
886,Lil,Bruhn,lbruhnol@engadget.com,641654182-3,Bonneville
887,Juditha,Delacroix,jdelacroixom@technorati.com,080447403-6,Century
888,Fawnia,Muckart,fmuckarton@amazon.com,306923815-7,LS
889,Morgen,Corless,mcorlessoo@bloomberg.com,567935424-1,Caravan
890,Delmar,Letson,dletsonop@umich.edu,931813871-7,Protege
891,Melody,Pethybridge,mpethybridgeoq@issuu.com,670755308-9,S-Class
892,Alphonso,Weinmann,aweinmannor@desdev.cn,114085624-3,Quest
893,Rheba,Pedrocchi,rpedrocchios@tiny.cc,762863218-1,Suburban 2500
894,Lek,Swayne,lswayneot@zimbio.com,643501701-8,Century
895,Kenyon,Tommasetti,ktommasettiou@squidoo.com,962920941-1,Aura
896,Jennee,Torbeck,jtorbeckov@prlog.org,908951533-X,Veracruz
897,Brett,Tretwell,btretwellow@shop-pro.jp,870503155-9,Gemini
898,Far,Izzett,fizzettox@technorati.com,361828676-7,6000
899,Clerissa,Dreossi,cdreossioy@moonfruit.com,123472486-3,Yaris
900,Valentijn,Le Provost,vleprovostoz@mapy.cz,161314957-3,V8
901,Kerwin,Gowanlock,kgowanlockp0@jalbum.net,195155163-X,C30
902,Ase,Nafziger,anafzigerp1@pen.io,812922234-5,SJ
903,Meredith,Taillant,mtaillantp2@bing.com,517126692-1,Z4 M
904,Elsy,Cleyburn,ecleyburnp3@ocn.ne.jp,455135833-9,CX-9
905,Brady,Speeding,bspeedingp4@ehow.com,310674049-3,1500 Club Coupe
906,Justus,Brigdale,jbrigdalep5@ask.com,022393701-0,A3
907,Asher,Clout,acloutp6@mediafire.com,708295828-5,Land Cruiser
908,Ernesta,Skrzynski,eskrzynskip7@vistaprint.com,128107371-7,Aveo
909,Dorri,Rounding,droundingp8@census.gov,650200672-8,3500
910,Cole,Saint,csaintp9@nps.gov,992315926-4,Golf
911,Tremayne,Lohan,tlohanpa@themeforest.net,993799757-7,Laser
912,Gabbi,Craske,gcraskepb@psu.edu,957718601-7,Grand Prix
913,Truman,Garlant,tgarlantpc@berkeley.edu,775529993-7,Accord
914,Zedekiah,Maestrini,zmaestrinipd@earthlink.net,649415422-0,Grand Caravan
915,Gordie,Groneway,ggronewaype@microsoft.com,327330662-9,FCX Clarity
916,Sherye,O'Connell,soconnellpf@wix.com,488747737-6,Pathfinder
917,Lani,Sudddard,lsudddardpg@dropbox.com,027506580-4,X6 M
918,Nefen,MacAulay,nmacaulayph@ycombinator.com,709376000-7,RL
919,Kerwinn,Mein,kmeinpi@smh.com.au,276130623-6,Celica
920,Maryjo,Hymer,mhymerpj@bandcamp.com,517492248-X,Camaro
921,Karalee,Lobbe,klobbepk@guardian.co.uk,360519757-4,JUKE
922,Weston,Juorio,wjuoriopl@furl.net,159071110-6,Mustang
923,Rachael,Levins,rlevinspm@intel.com,844302511-5,Galant
924,Bertine,Yarr,byarrpn@spotify.com,888681909-9,Dakota
925,Sayre,Bonus,sbonuspo@amazon.de,733418462-9,Montego
926,Mab,Spohrmann,mspohrmannpp@networksolutions.com,201872099-6,1500
927,Lauree,Mowett,lmowettpq@newsvine.com,528121110-2,Maxima
928,Aveline,Moreno,amorenopr@biblegateway.com,458998224-2,Hombre
929,Horace,Schimonek,hschimonekps@ifeng.com,989167836-9,Cayenne
930,Arlin,Tordiffe,atordiffept@is.gd,881811127-2,3500
931,Yankee,Ingerson,yingersonpu@myspace.com,085486828-3,Ram 2500
932,Gus,Huckel,ghuckelpv@ibm.com,436471574-3,Silverado
933,Virginia,Shoemark,vshoemarkpw@ocn.ne.jp,477917079-6,Bronco II
934,Cherice,Adair,cadairpx@surveymonkey.com,539713685-9,R8
935,Nananne,Grebbin,ngrebbinpy@shinystat.com,640602076-6,iQ
936,Turner,Minnock,tminnockpz@jugem.jp,047956620-8,Diamante
937,Yevette,Papachristophorou,ypapachristophorouq0@gravatar.com,969543211-5,Matrix
938,Keene,Gallegos,kgallegosq1@wordpress.com,418059164-2,Insight
939,Faith,Kingdom,fkingdomq2@paginegialle.it,075514674-3,Impreza
940,Raleigh,Swannell,rswannellq3@google.nl,532718448-X,New Beetle
941,Jessi,McNirlan,jmcnirlanq4@ezinearticles.com,046276525-3,Sky
942,Tabor,Allewell,tallewellq5@angelfire.com,136081948-7,3 Series
943,Adelice,Guterson,agutersonq6@google.com.br,168317748-7,XJ Series
944,Rebeca,Oughton,roughtonq7@wired.com,865375370-2,Gallardo
945,Karie,Smitten,ksmittenq8@eventbrite.com,960388713-7,Escalade
946,Pierette,Giannazzo,pgiannazzoq9@bandcamp.com,483067027-4,Savana 1500
947,Toddy,Vynehall,tvynehallqa@people.com.cn,718761477-2,Lancer
948,Paule,Ratazzi,pratazziqb@mac.com,965924134-8,Bonneville
949,Ephrem,Aberhart,eaberhartqc@miitbeian.gov.cn,892329981-2,Sebring
950,Nicolina,Elmhirst,nelmhirstqd@jiathis.com,111111768-3,Cavalier
951,Maynard,Demougeot,mdemougeotqe@ow.ly,135944947-7,Cabriolet
952,Alf,Pulster,apulsterqf@163.com,350837333-9,Club Wagon
953,Diana,Fawcus,dfawcusqg@jugem.jp,585946169-0,E-Class
954,Nanine,Thorold,nthoroldqh@time.com,308468713-7,CTS
955,Abagail,Frew,afrewqi@dmoz.org,460250020-X,Navajo
956,Jeramey,Asbrey,jasbreyqj@fastcompany.com,585746248-7,164
957,Roxanna,Talby,rtalbyqk@prweb.com,411530322-0,Yaris
958,Helena,Greenin,hgreeninql@ebay.com,513294059-5,Legacy
959,Helli,Chavez,hchavezqm@parallels.com,604525771-5,GranTurismo
960,Ulrica,Sobczak,usobczakqn@java.com,184764470-8,Freelander
961,Theodor,Pamphilon,tpamphilonqo@hc360.com,706579667-1,Nitro
962,Cherin,Godehard.sf,cgodehardsfqp@bloglovin.com,522651380-1,Skyhawk
963,Josias,Ferres,jferresqq@woothemes.com,428094458-X,GLK-Class
964,Jeff,Whitehair,jwhitehairqr@icq.com,792317289-7,G-Series G10
965,Engelbert,McArtan,emcartanqs@home.pl,352128637-1,Protege
966,Brade,Clitheroe,bclitheroeqt@google.co.uk,214485491-2,Clubman
967,Rubetta,Darcey,rdarceyqu@shinystat.com,761634323-6,Grand Vitara
968,Dickie,Elcocks,delcocksqv@cafepress.com,589668209-3,Sienna
969,Twyla,Stork,tstorkqw@ifeng.com,965418719-1,Civic
970,Simone,Towe,stoweqx@bigcartel.com,531940937-0,M
971,Ingunna,Jamison,ijamisonqy@typepad.com,875140596-2,1000
972,Jamie,Pledge,jpledgeqz@cargocollective.com,774028871-3,4000
973,Rolf,Ossulton,rossultonr0@parallels.com,454479213-4,Gran Sport
974,Jaquelin,Djorevic,jdjorevicr1@123-reg.co.uk,358208089-7,Camry
975,Rory,Sipson,rsipsonr2@constantcontact.com,727998038-4,E250
976,Gracia,Kemmer,gkemmerr3@google.nl,680568703-9,H1
977,De witt,Kinane,dkinaner4@mit.edu,945094306-0,Mustang
978,Blair,Ellcock,bellcockr5@squidoo.com,990921957-3,H1
979,Osmund,Brunelleschi,obrunelleschir6@sfgate.com,099075936-9,E150
980,Dolly,Spileman,dspilemanr7@epa.gov,911143881-9,300SL
981,Keslie,Olensby,kolensbyr8@huffingtonpost.com,651963746-7,Avalanche 2500
982,Lorne,McCormack,lmccormackr9@scientificamerican.com,066149549-3,Yukon XL 2500
983,Franny,Englishby,fenglishbyra@washingtonpost.com,737442976-2,Tercel
984,Rosalynd,Kondrat,rkondratrb@360.cn,369614125-9,Murano
985,Derick,Lambird,dlambirdrc@epa.gov,228102786-4,Sierra 3500
986,Caye,Piotr,cpiotrrd@usda.gov,419294750-1,Seville
987,Waldon,Eynald,weynaldre@google.com,943641828-0,911
988,Angelita,Jeannin,ajeanninrf@washingtonpost.com,611930288-3,Stratus
989,Ertha,Stern,esternrg@dyndns.org,477297601-9,Achieva
990,Bennie,Adami,badamirh@weebly.com,872895034-8,Taurus
991,Corny,Robjant,crobjantri@dedecms.com,807983572-1,Eclipse
992,Seward,Dockrey,sdockreyrj@sakura.ne.jp,116937074-8,Tacoma
993,Stephannie,Poytress,spoytressrk@woothemes.com,088049189-2,Electra
994,Cherry,Lightning,clightningrl@comsenz.com,249429786-9,Grand Am
995,Janeen,Carden,jcardenrm@ebay.co.uk,180722006-0,Tribeca
996,Mechelle,Stormes,mstormesrn@yellowpages.com,834775294-X,SLK-Class
997,Maximilian,Mc Queen,mmcqueenro@sphinn.com,764556139-4,Montero
998,Keriann,Vernau,kvernaurp@japanpost.jp,191895118-7,G
999,Tiebout,Castro,tcastrorq@state.tx.us,702758930-3,Landaulet
1000,Agnese,Nodes,anodesrr@shop-pro.jp,897746977-5,Durango
